{"accuracy": [0.5868411660194397], "loss": [1.4147318601608276], "val_accuracy": [0.8419075608253479], "val_loss": [0.5117235779762268]}